{"eval/completions/clipped_ratio":0,"eval/sampling/sampling_logp_difference/max":0.10608887989094047,"eval/completions/max_terminated_length":27.35198135198135,"eval/clip_ratio/high_mean":0,"eval/steps_per_second":0.239,"eval/clip_ratio/region_mean":0,"eval/clip_ratio/high_max":0,"eval/rewards/subset_match_reward_func/std":0.030637739803685452,"eval/reward_std":0.09335171299311387,"eval/completions/mean_length":26.312062937062937,"eval/rewards/execution_exact_match_reward_func/mean":0.6302447552447552,"eval/rewards/execution_exact_match_reward_func/std":0.03273528112676038,"eval/frac_reward_zero_std":0.8927738927738927,"eval/clip_ratio/low_mean":0,"eval/rewards/comprehensive_execution_reward_func/std":0.030109024235418627,"_runtime":0,"eval/clip_ratio/low_min":0,"eval/entropy":0.016894311300810077,"eval/completions/mean_terminated_length":26.312062937062937,"eval/num_tokens":0,"eval/reward":1.995407980282754,"eval/sampling/importance_sampling_ratio/max":1.0815338154772778,"eval/rewards/comprehensive_execution_reward_func/mean":0.700633310762805,"eval/samples_per_second":1.896,"eval/sampling/sampling_logp_difference/mean":0.0020849669402492554,"eval/completions/max_length":27.35198135198135,"eval/model_preparation_time":0.0002,"eval/runtime":226.2792,"_wandb":{"runtime":0},"_step":0,"eval/sampling/importance_sampling_ratio/min":0.9366829482130793,"eval/loss":0.0071420008316636086,"train/global_step":0,"eval/sampling/importance_sampling_ratio/mean":1.001222059582219,"eval/rewards/subset_match_reward_func/mean":0.6645299147614788,"_timestamp":1.773694353913182e+09,"eval/completions/min_length":25.39160839160839,"eval/completions/min_terminated_length":25.39160839160839}