{"eval/clip_ratio/low_min":0,"eval/samples_per_second":1.516,"eval/sampling/importance_sampling_ratio/max":1.1149524668435673,"_wandb":{"runtime":0},"eval/clip_ratio/region_mean":0,"eval/entropy":0.019511976530160787,"eval/completions/max_terminated_length":37.67832167832168,"eval/model_preparation_time":0.0002,"eval/clip_ratio/high_max":0,"eval/completions/mean_length":35.38024475524475,"eval/clip_ratio/low_mean":0,"eval/completions/max_length":37.67832167832168,"_step":0,"eval/reward":1.5667656160726067,"eval/rewards/execution_exact_match_reward_func/std":0.06283402165054996,"eval/completions/clipped_ratio":0,"train/global_step":0,"eval/sampling/sampling_logp_difference/mean":0.0022801207337498574,"eval/num_tokens":0,"_runtime":0,"eval/sampling/importance_sampling_ratio/mean":0.9986796750055327,"eval/steps_per_second":0.191,"eval/rewards/execution_exact_match_reward_func/mean":0.46794871794871795,"eval/rewards/subset_match_reward_func/std":0.06325909470054482,"eval/rewards/comprehensive_execution_reward_func/mean":0.5806418298450592,"_timestamp":1.7736946657127094e+09,"eval/completions/min_terminated_length":33.10955710955711,"eval/loss":-0.004041288513690233,"eval/clip_ratio/high_mean":0,"eval/rewards/comprehensive_execution_reward_func/std":0.057409300319068914,"eval/runtime":282.911,"eval/completions/mean_terminated_length":35.38024475524475,"eval/sampling/sampling_logp_difference/max":0.144175051955681,"eval/reward_std":0.1829997429012002,"eval/frac_reward_zero_std":0.7668997668997669,"eval/rewards/subset_match_reward_func/mean":0.5181750693809399,"eval/sampling/importance_sampling_ratio/min":0.9073488571288146,"eval/completions/min_length":33.10955710955711}