{"_runtime":0,"eval/completions/min_length":48.27505827505828,"eval/loss":0.00044900039210915565,"eval/completions/min_terminated_length":48.27505827505828,"eval/clip_ratio/low_min":0,"eval/completions/mean_terminated_length":51.561513513951866,"eval/completions/max_terminated_length":55.07925407925408,"eval/sampling/importance_sampling_ratio/min":0.8745667230677606,"eval/samples_per_second":1.227,"eval/entropy":0.020188311998961556,"eval/runtime":349.515,"eval/sampling/sampling_logp_difference/max":0.20510681587856386,"eval/rewards/comprehensive_execution_reward_func/mean":0.47864286867263434,"eval/completions/mean_length":51.723193473193476,"eval/completions/max_length":55.442890442890445,"eval/completions/clipped_ratio":0.0011655011655011655,"eval/num_tokens":0,"eval/clip_ratio/high_max":0,"eval/model_preparation_time":0.0002,"eval/rewards/comprehensive_execution_reward_func/std":0.049556790666528794,"eval/clip_ratio/region_mean":0,"eval/sampling/importance_sampling_ratio/max":1.1362574422831857,"eval/rewards/subset_match_reward_func/mean":0.42548724789620707,"_timestamp":1.7736950442692895e+09,"train/global_step":0,"eval/reward":1.289619628105547,"eval/steps_per_second":0.154,"eval/sampling/importance_sampling_ratio/mean":0.9931621447309747,"eval/rewards/subset_match_reward_func/std":0.05884429192309439,"eval/frac_reward_zero_std":0.7972027972027972,"eval/rewards/execution_exact_match_reward_func/std":0.0567112081534379,"eval/sampling/sampling_logp_difference/mean":0.0025342120315029965,"eval/reward_std":0.16456845902896428,"eval/rewards/execution_exact_match_reward_func/mean":0.38548951048951047,"eval/clip_ratio/high_mean":0,"eval/clip_ratio/low_mean":0,"_wandb":{"runtime":0},"_step":0}