{"eval/steps_per_second":0.264,"_wandb":{"runtime":0},"eval/rewards/execution_exact_match_reward_func/mean":0.8973837209302326,"eval/runtime":204.3516,"eval/samples_per_second":2.104,"eval/rewards/comprehensive_execution_reward_func/mean":0.911238547969003,"eval/model_preparation_time":0.0002,"eval/sampling/sampling_logp_difference/mean":0.002256067212818123,"eval/sampling/importance_sampling_ratio/max":1.043096093937408,"eval/sampling/sampling_logp_difference/max":0.06762856614173807,"train/global_step":0,"eval/num_tokens":0,"eval/loss":0.0032379331532865763,"eval/completions/clipped_ratio":0,"eval/completions/min_terminated_length":13.332558139534884,"eval/clip_ratio/low_min":0,"eval/reward_std":0.0427515103026878,"eval/rewards/subset_match_reward_func/std":0.014192063448040984,"_step":0,"eval/sampling/importance_sampling_ratio/min":0.9608885154474613,"eval/reward":2.7240458587227865,"eval/clip_ratio/high_max":0,"eval/rewards/comprehensive_execution_reward_func/std":0.012468631236359131,"eval/rewards/subset_match_reward_func/mean":0.9154235881428386,"eval/clip_ratio/high_mean":0,"eval/entropy":0.016273343524500338,"eval/completions/mean_terminated_length":13.488372093023257,"eval/completions/max_length":13.746511627906976,"eval/frac_reward_zero_std":0.958139534883721,"_timestamp":1.7736938468323636e+09,"eval/clip_ratio/region_mean":0,"eval/sampling/importance_sampling_ratio/mean":1.0004796829334526,"eval/completions/min_length":13.332558139534884,"eval/clip_ratio/low_mean":0,"eval/completions/max_terminated_length":13.746511627906976,"eval/rewards/execution_exact_match_reward_func/std":0.016090815635614618,"eval/completions/mean_length":13.488372093023257,"_runtime":0}