{"eval/completions/clipped_ratio":0.3566860465116279,"eval/entropy":0.4207234530947929,"eval/clip_ratio/high_mean":0,"eval/completions/min_terminated_length":272.1162790697674,"eval/sampling/sampling_logp_difference/max":0.7919808292111685,"_wandb":{"runtime":0},"eval/clip_ratio/low_min":0,"eval/rewards/execution_exact_match_reward_func/std":0.2019633977912193,"_runtime":0,"eval/frac_reward_zero_std":0.34186046511627904,"eval/runtime":1663.5541,"train/global_step":0,"eval/completions/max_length":510.2418604651163,"eval/completions/max_terminated_length":474.6,"eval/clip_ratio/low_mean":0,"eval/sampling/importance_sampling_ratio/mean":0.7891100453775982,"eval/completions/mean_length":419.83313953488374,"eval/rewards/subset_match_reward_func/mean":0.14230330681081774,"eval/completions/min_length":274.4976744186047,"eval/rewards/comprehensive_execution_reward_func/mean":0.19715568446012777,"eval/clip_ratio/high_max":0,"eval/loss":-0.008188450708985329,"eval/steps_per_second":0.016,"eval/completions/mean_terminated_length":373.610234885992,"_step":0,"eval/sampling/importance_sampling_ratio/min":0.0739154273167599,"_timestamp":1.7736922992855744e+09,"eval/reward_std":0.6620422195469917,"eval/rewards/subset_match_reward_func/std":0.22570123629168024,"eval/rewards/comprehensive_execution_reward_func/std":0.25044023877139704,"eval/reward":0.4571915472207894,"eval/samples_per_second":0.258,"eval/model_preparation_time":0.0002,"eval/num_tokens":0,"eval/sampling/sampling_logp_difference/mean":0.016915723036021686,"eval/sampling/importance_sampling_ratio/max":2.1721780131029527,"eval/clip_ratio/region_mean":0,"eval/rewards/execution_exact_match_reward_func/mean":0.11773255813953488}