{"eval/runtime":1276.6509,"eval/sampling/importance_sampling_ratio/max":2.180354380053143,"eval/clip_ratio/low_min":0,"eval/rewards/subset_match_reward_func/mean":0.5221894048674162,"eval/completions/clipped_ratio":0.08284883720930232,"eval/loss":0.029984885826706886,"eval/completions/max_terminated_length":422.51162790697674,"eval/completions/mean_length":307.08982558139536,"train/global_step":0,"eval/clip_ratio/high_max":0,"_runtime":0,"eval/clip_ratio/high_mean":0,"eval/clip_ratio/region_mean":0,"eval/steps_per_second":0.021,"eval/model_preparation_time":0.0002,"eval/entropy":0.40860065388125044,"eval/reward":1.5787439258292664,"eval/rewards/comprehensive_execution_reward_func/std":0.3504958043871231,"eval/rewards/subset_match_reward_func/std":0.37991004191165745,"eval/sampling/sampling_logp_difference/mean":0.01671288687475892,"_step":0,"eval/samples_per_second":0.336,"eval/rewards/execution_exact_match_reward_func/std":0.38840950824493586,"eval/completions/min_length":191.49767441860465,"eval/rewards/comprehensive_execution_reward_func/mean":0.5769033590028453,"eval/sampling/sampling_logp_difference/max":0.6076957307582678,"eval/num_tokens":0,"eval/completions/mean_terminated_length":290.15447437375093,"eval/rewards/execution_exact_match_reward_func/mean":0.4796511627906977,"_wandb":{"runtime":0},"eval/sampling/importance_sampling_ratio/min":0.13905471015808193,"eval/clip_ratio/low_mean":0,"eval/sampling/importance_sampling_ratio/mean":0.8707296557204668,"eval/reward_std":1.1003199568668076,"eval/completions/min_terminated_length":191.49767441860465,"eval/completions/max_length":459.7674418604651,"_timestamp":1.7736890651845515e+09,"eval/frac_reward_zero_std":0.3883720930232558}