{"eval/completions/max_terminated_length":382.54418604651164,"eval/rewards/execution_exact_match_reward_func/std":0.33505358335583707,"train/global_step":0,"eval/completions/mean_terminated_length":255.40706098689589,"eval/completions/min_length":168.9720930232558,"eval/completions/clipped_ratio":0.04563953488372093,"eval/completions/min_terminated_length":168.9720930232558,"eval/runtime":1139.6968,"eval/sampling/importance_sampling_ratio/mean":0.9068402855895287,"eval/sampling/importance_sampling_ratio/min":0.18201821959512524,"eval/clip_ratio/region_mean":0,"eval/reward":1.9551901258354962,"eval/rewards/subset_match_reward_func/mean":0.6428020777917185,"eval/entropy":0.3971211473609126,"eval/steps_per_second":0.024,"eval/clip_ratio/low_mean":0,"eval/sampling/importance_sampling_ratio/max":2.167331210957017,"eval/model_preparation_time":0.0002,"eval/frac_reward_zero_std":0.5023255813953489,"eval/rewards/comprehensive_execution_reward_func/mean":0.6841903777316559,"eval/samples_per_second":0.377,"_runtime":0,"eval/clip_ratio/low_min":0,"eval/sampling/sampling_logp_difference/max":0.6022942580455958,"eval/rewards/subset_match_reward_func/std":0.3284564766946227,"eval/loss":0.027242321521043777,"eval/rewards/comprehensive_execution_reward_func/std":0.2918113153861013,"eval/completions/max_length":410.8558139534884,"_wandb":{"runtime":0},"eval/reward_std":0.9487948077362637,"eval/num_tokens":0,"eval/clip_ratio/high_mean":0,"eval/rewards/execution_exact_match_reward_func/mean":0.6281976744186046,"_timestamp":1.7736877494746354e+09,"eval/sampling/sampling_logp_difference/mean":0.01686677360517341,"eval/clip_ratio/high_max":0,"eval/completions/mean_length":265.653488372093,"_step":0}