{"train/global_step":0,"eval/loss":0.028023669496178627,"eval/clip_ratio/low_min":0,"eval/sampling/importance_sampling_ratio/max":2.1472973324531734,"eval/sampling/importance_sampling_ratio/min":0.10489753389427828,"eval/samples_per_second":0.287,"eval/rewards/comprehensive_execution_reward_func/mean":0.3390974187833625,"eval/rewards/execution_exact_match_reward_func/mean":0.24040697674418604,"eval/completions/min_terminated_length":230.8,"_timestamp":1.7736905968084567e+09,"eval/num_tokens":0,"eval/steps_per_second":0.018,"eval/clip_ratio/region_mean":0,"eval/reward_std":0.9434197012421697,"eval/completions/min_length":230.8,"eval/rewards/subset_match_reward_func/mean":0.2758692575575307,"eval/entropy":0.41865020033925077,"eval/rewards/comprehensive_execution_reward_func/std":0.3249910339193289,"_step":0,"eval/completions/max_terminated_length":460.31162790697675,"eval/completions/max_length":496.2325581395349,"eval/sampling/sampling_logp_difference/mean":0.016948117419730787,"eval/completions/mean_terminated_length":337.0529903678007,"eval/clip_ratio/low_mean":0,"_runtime":0,"eval/sampling/importance_sampling_ratio/mean":0.8318835520467093,"eval/completions/clipped_ratio":0.17383720930232557,"eval/completions/mean_length":364.9404069767442,"eval/clip_ratio/high_mean":0,"eval/rewards/execution_exact_match_reward_func/std":0.31162415507227875,"_wandb":{"runtime":0},"eval/clip_ratio/high_max":0,"eval/reward":0.8553736530330985,"eval/sampling/sampling_logp_difference/max":0.7095879934554876,"eval/model_preparation_time":0.0002,"eval/frac_reward_zero_std":0.2651162790697674,"eval/runtime":1493.7498,"eval/rewards/subset_match_reward_func/std":0.32734820808089055}