{"eval/samples_per_second":0.452,"_step":0,"eval/completions/mean_terminated_length":198.786309104742,"_wandb":{"runtime":0},"_timestamp":1.7736865713479602e+09,"eval/rewards/subset_match_reward_func/mean":0.8543639261362165,"eval/clip_ratio/low_mean":0,"eval/rewards/comprehensive_execution_reward_func/mean":0.8477169740685196,"eval/rewards/execution_exact_match_reward_func/std":0.23778793201890103,"train/global_step":0,"eval/sampling/importance_sampling_ratio/mean":0.9281276117923648,"eval/clip_ratio/high_max":0,"eval/completions/clipped_ratio":0.01918604651162791,"eval/sampling/importance_sampling_ratio/min":0.21518316906551982,"eval/runtime":951.8334,"eval/steps_per_second":0.028,"eval/reward_std":0.6711574261271677,"eval/frac_reward_zero_std":0.6581395348837209,"eval/clip_ratio/region_mean":0,"eval/rewards/subset_match_reward_func/std":0.22569289630235628,"eval/completions/mean_length":204.01918604651163,"eval/sampling/importance_sampling_ratio/max":2.1487520811169647,"eval/completions/max_terminated_length":303.13023255813954,"eval/sampling/sampling_logp_difference/max":0.5758234886235969,"eval/model_preparation_time":0.0002,"eval/entropy":0.37991583000781926,"eval/loss":0.008084223605692387,"eval/completions/max_length":323.04651162790697,"eval/clip_ratio/high_mean":0,"eval/reward":2.5384181080862533,"eval/rewards/execution_exact_match_reward_func/mean":0.8363372093023256,"eval/num_tokens":0,"eval/clip_ratio/low_min":0,"_runtime":0,"eval/completions/min_length":124.71627906976744,"eval/completions/min_terminated_length":124.71627906976744,"eval/rewards/comprehensive_execution_reward_func/std":0.21523844036598538,"eval/sampling/sampling_logp_difference/mean":0.017338790640581487}