{"eval/clip_ratio/region_mean":0,"eval/clip_ratio/low_min":0,"eval/sampling/sampling_logp_difference/max":0.2184478069547304,"eval/reward":2.0855933551005155,"eval/rewards/execution_exact_match_reward_func/std":0.24840868448102196,"eval/sampling/sampling_logp_difference/mean":0.0032257351536594966,"eval/frac_reward_zero_std":0.8069767441860465,"_timestamp":1.7736859997176347e+09,"eval/sampling/importance_sampling_ratio/min":0.8436971780865692,"eval/completions/max_length":27.739534883720932,"eval/completions/max_terminated_length":27.739534883720932,"eval/reward_std":0.701966407167357,"eval/clip_ratio/high_max":0,"eval/completions/min_length":19.483720930232558,"eval/entropy":0.03519591884362663,"eval/loss":0.005350823514163494,"eval/completions/mean_terminated_length":22.95610465116279,"_wandb":{"runtime":0},"eval/samples_per_second":2.554,"eval/clip_ratio/low_mean":0,"eval/rewards/subset_match_reward_func/std":0.24175456686075344,"eval/rewards/subset_match_reward_func/mean":0.6849543053310277,"_step":0,"_runtime":0,"eval/sampling/importance_sampling_ratio/mean":0.9985959707304489,"eval/rewards/execution_exact_match_reward_func/mean":0.6752906976744186,"eval/rewards/comprehensive_execution_reward_func/std":0.21514885453290716,"eval/runtime":168.3582,"eval/rewards/comprehensive_execution_reward_func/mean":0.7253483548933684,"eval/model_preparation_time":0.0002,"eval/completions/mean_length":22.95610465116279,"train/global_step":0,"eval/num_tokens":0,"eval/completions/clipped_ratio":0,"eval/clip_ratio/high_mean":0,"eval/completions/min_terminated_length":19.483720930232558,"eval/steps_per_second":0.16,"eval/sampling/importance_sampling_ratio/max":1.1605633780013682}