{"eval/rewards/subset_match_reward_func/std":0.21419198386544405,"eval/clip_ratio/low_mean":0,"_runtime":0,"eval/runtime":260.491,"eval/sampling/sampling_logp_difference/mean":0.004944645444257456,"eval/frac_reward_zero_std":0.6255813953488372,"eval/rewards/execution_exact_match_reward_func/std":0.18247787037561106,"eval/samples_per_second":1.647,"eval/clip_ratio/low_min":0,"eval/completions/clipped_ratio":0,"_wandb":{"runtime":0},"eval/completions/max_length":70.28372093023256,"eval/rewards/comprehensive_execution_reward_func/std":0.22312759686001513,"eval/clip_ratio/high_max":0,"eval/completions/min_terminated_length":35.26046511627907,"train/global_step":0,"eval/steps_per_second":0.104,"eval/model_preparation_time":0.0002,"eval/clip_ratio/high_mean":0,"eval/reward":0.6732100979489989,"eval/num_tokens":0,"_timestamp":1.7736867499257698e+09,"eval/entropy":0.04631037485547537,"eval/sampling/sampling_logp_difference/max":0.4772924447128939,"eval/completions/mean_terminated_length":48.938372093023254,"eval/reward_std":0.608506661826788,"eval/completions/min_length":35.26046511627907,"eval/loss":-0.005660399328917265,"eval/rewards/subset_match_reward_func/mean":0.21719289733919986,"eval/sampling/importance_sampling_ratio/max":1.4173206290533376,"eval/rewards/execution_exact_match_reward_func/mean":0.18023255813953487,"eval/sampling/importance_sampling_ratio/mean":0.9933653482170992,"eval/completions/max_terminated_length":70.28372093023256,"eval/sampling/importance_sampling_ratio/min":0.657883653898052,"_step":0,"eval/completions/mean_length":48.938372093023254,"eval/clip_ratio/region_mean":0,"eval/rewards/comprehensive_execution_reward_func/mean":0.27578464318066837}