{"_runtime":0,"eval/rewards/execution_exact_match_reward_func/std":0.29227757717287817,"eval/frac_reward_zero_std":0.7697674418604651,"eval/completions/max_length":33.70232558139535,"eval/model_preparation_time":0.0002,"eval/sampling/sampling_logp_difference/max":0.2571030415930287,"eval/completions/min_length":22.21395348837209,"eval/clip_ratio/low_mean":0,"eval/sampling/importance_sampling_ratio/max":1.2131318998891254,"eval/loss":0.003914059605449438,"eval/rewards/execution_exact_match_reward_func/mean":0.5130813953488372,"eval/rewards/comprehensive_execution_reward_func/mean":0.6086227037705655,"eval/clip_ratio/high_max":0,"eval/completions/min_terminated_length":22.21395348837209,"eval/num_tokens":0,"eval/steps_per_second":0.154,"eval/rewards/subset_match_reward_func/std":0.29470891662288545,"eval/reward":1.675935561001994,"eval/sampling/sampling_logp_difference/mean":0.003563427597755224,"train/global_step":0,"eval/clip_ratio/low_min":0,"_wandb":{"runtime":0},"eval/sampling/importance_sampling_ratio/mean":1.0022116719290268,"eval/completions/mean_length":27.38313953488372,"eval/clip_ratio/region_mean":0,"eval/samples_per_second":2.453,"_step":0,"eval/clip_ratio/high_mean":0,"eval/reward_std":0.8585905403765135,"eval/entropy":0.035968555371970114,"eval/runtime":174.8659,"eval/completions/mean_terminated_length":27.38313953488372,"eval/sampling/importance_sampling_ratio/min":0.8226173481275869,"eval/completions/max_terminated_length":33.70232558139535,"eval/completions/clipped_ratio":0,"eval/rewards/subset_match_reward_func/mean":0.5542314624413848,"eval/rewards/comprehensive_execution_reward_func/std":0.2784746309005937,"_timestamp":1.7736862098885016e+09}