{"eval/clip_ratio/low_min":0,"eval/completions/max_length":42.85116279069767,"_wandb":{"runtime":0},"eval/sampling/importance_sampling_ratio/mean":1.0001108785008275,"eval/samples_per_second":2.047,"eval/rewards/comprehensive_execution_reward_func/mean":0.3765379948498205,"_step":0,"eval/completions/max_terminated_length":42.85116279069767,"eval/num_tokens":0,"eval/completions/clipped_ratio":0,"eval/runtime":209.6009,"eval/clip_ratio/high_mean":0,"eval/clip_ratio/low_mean":0,"eval/rewards/subset_match_reward_func/std":0.23696360156633134,"eval/sampling/sampling_logp_difference/mean":0.004254216697613312,"eval/rewards/execution_exact_match_reward_func/mean":0.2686046511627907,"eval/model_preparation_time":0.0002,"eval/clip_ratio/high_max":0,"eval/frac_reward_zero_std":0.7232558139534884,"eval/entropy":0.03902270204041067,"eval/completions/mean_length":33.309011627906976,"eval/sampling/importance_sampling_ratio/min":0.7545585242468257,"eval/rewards/execution_exact_match_reward_func/std":0.2207417442355045,"train/global_step":0,"eval/rewards/comprehensive_execution_reward_func/std":0.24211152717471124,"eval/rewards/subset_match_reward_func/mean":0.3057545736605345,"eval/loss":-0.0068356809206306934,"eval/reward":0.9508972161557785,"eval/clip_ratio/region_mean":0,"_timestamp":1.7736864546446261e+09,"eval/completions/min_length":26.530232558139534,"eval/reward_std":0.6935720649742803,"_runtime":0,"eval/completions/mean_terminated_length":33.309011627906976,"eval/steps_per_second":0.129,"eval/completions/min_terminated_length":26.530232558139534,"eval/sampling/importance_sampling_ratio/max":1.298346395270769,"eval/sampling/sampling_logp_difference/max":0.34771613069420115}