{"_step":0,"eval/rewards/comprehensive_execution_reward_func/std":0.1411540378664815,"eval/completions/mean_length":16.336046511627906,"eval/rewards/subset_match_reward_func/mean":0.8608430230340293,"eval/completions/mean_terminated_length":16.336046511627906,"eval/sampling/importance_sampling_ratio/mean":0.9995001052701196,"eval/sampling/sampling_logp_difference/max":0.14575405825439808,"eval/completions/min_terminated_length":13.851162790697675,"_runtime":0,"eval/completions/clipped_ratio":0,"eval/runtime":165.3407,"_wandb":{"runtime":0},"eval/sampling/importance_sampling_ratio/max":1.1095029598058657,"eval/reward":2.5654148294135584,"eval/rewards/comprehensive_execution_reward_func/mean":0.8577694821842882,"eval/rewards/subset_match_reward_func/std":0.14663566330144573,"eval/steps_per_second":0.163,"eval/loss":-0.00033530042856000364,"eval/clip_ratio/low_mean":0,"eval/sampling/sampling_logp_difference/mean":0.002769906906867745,"train/global_step":0,"eval/entropy":0.028042854561990255,"eval/clip_ratio/high_mean":0,"eval/completions/max_length":19.274418604651164,"_timestamp":1.7736857946224701e+09,"eval/samples_per_second":2.601,"eval/reward_std":0.43994238743948383,"eval/clip_ratio/low_min":0,"eval/rewards/execution_exact_match_reward_func/mean":0.8468023255813953,"eval/num_tokens":0,"eval/completions/min_length":13.851162790697675,"eval/rewards/execution_exact_match_reward_func/std":0.15469312335169594,"eval/clip_ratio/region_mean":0,"eval/clip_ratio/high_max":0,"eval/model_preparation_time":0.0002,"eval/frac_reward_zero_std":0.913953488372093,"eval/sampling/importance_sampling_ratio/min":0.8993541506833809,"eval/completions/max_terminated_length":19.274418604651164}